品牌, 折扣价, 原价, 是否自营, 评论数, 国家
ESTĒE LAUDER 雅诗兰黛, 109.0, 400.0, 自营, 165.0, 美国
MAC 魅可, 89.0, 280.0, 自营, 67.0, 美国
MAC 魅可, 89.0, 280.0, 自营, 60.0, 美国
ESTĒE LAUDER 雅诗兰黛, 129.0, 400.0, 自营, 2037.0, 美国
MARIE DALGAR 玛丽黛佳, 99.0, 300.0, 非自营, 888.0, 中国
ESTĒE LAUDER 雅诗兰黛, 98.0, 300.0, 自营, 952.0, 美国
wet n wild, 119.0, 350.0, 非自营, 17.0, 美国
wet n wild, 99.0, 283.0, 非自营, 7.0, 美国
GUERLAIN 娇兰, 246.0, 647.0, 非自营, 0.0, 法国
TOM FORD 汤姆·福特, 319.0, 799.0, 自营, 60.0, 美国
Mamonde 梦妆, 79.0, 188.0, 非自营, 60.0, 韩国
Maybelline 美宝莲, 75.0, 170.0, 非自营, 746.0, 美国
Mamonde 梦妆, 59.0, 129.0, 自营, 326.0, 韩国
TOM FORD 汤姆·福特, 379.0, 799.0, 自营, 201.0, 美国
TOM FORD 汤姆·福特, 379.0, 799.0, 自营, 86.0, 美国
TOM FORD 汤姆·福特, 379.0, 799.0, 自营, 56.0, 美国
TOM FORD 汤姆·福特, 379.0, 799.0, 自营, 78.0, 美国
TOM FORD 汤姆·福特, 379.0, 799.0, 自营, 252.0, 美国
TOM FORD 汤姆·福特, 379.0, 799.0, 自营, 19.0, 美国
GUERLAIN 娇兰, 229.0, 480.0, 自营, 130.0, 法国
Manuka Bee 小蜜坊, 28.0, 58.0, 自营, 425.0, 新西兰
KIKO MILANO, 56.0, 115.0, 自营, 6620.0, 意大利
Manuka Bee 小蜜坊, 29.0, 59.0, 非自营, 546.0, 新西兰
KIKO MILANO, 69.0, 139.0, 自营, 349.0, 意大利
TOM FORD 汤姆·福特, 398.0, 799.0, 自营, 47.0, 美国
SHISEIDO 资生堂, 799.0, 1599.0, 自营, 96.0, 日本
Manuka Bee 小蜜坊, 29.9, 59.0, 非自营, 0.0, 新西兰
GUERLAIN 娇兰, 249.0, 480.0, 自营, 450.0, 法国
Manuka Bee 小蜜坊, 29.9, 58.0, 自营, 49.0, 新西兰
Dior 迪奥, 168.0, 320.0, 自营, 17.0, 法国
SAINT LAURENT PARIS 圣罗兰, 168.0, 320.0, 自营, 338.0, 法国
KIKO MILANO, 85.0, 159.0, 自营, 114.0, 意大利
ESTĒE LAUDER 雅诗兰黛, 479.0, 900.0, 自营, 252.0, 美国
SHISEIDO 资生堂, 165.0, 312.0, 自营, 9405.0, 日本
GUERLAIN 娇兰, 169.0, 320.0, 自营, 81.0, 法国
GUERLAIN 娇兰, 169.0, 320.0, 自营, 5.0, 法国
GUERLAIN 娇兰, 169.0, 320.0, 自营, 1.0, 法国
GUERLAIN 娇兰, 169.0, 320.0, 自营, 17.0, 法国
GUERLAIN 娇兰, 169.0, 320.0, 自营, 133.0, 法国
GUERLAIN 娇兰, 169.0, 320.0, 自营, 376.0, 法国
GUERLAIN 娇兰, 169.0, 320.0, 自营, 198.0, 法国
Dior 迪奥, 245.0, 450.0, 自营, 9.0, 法国
GUERLAIN 娇兰, 109.0, 199.0, 自营, 24.0, 法国
GUERLAIN 娇兰, 109.0, 199.0, 自营, 1.0, 法国
Dior 迪奥, 169.0, 300.0, 自营, 545.0, 法国
Dior 迪奥, 179.0, 320.0, 自营, 652.0, 法国
Dior 迪奥, 179.0, 320.0, 自营, 81.0, 法国
Dior 迪奥, 179.0, 320.0, 自营, 185.0, 法国
Dior 迪奥, 179.0, 320.0, 自营, 157.0, 法国
Dior 迪奥, 179.0, 320.0, 自营, 11.0, 法国
Dior 迪奥, 179.0, 320.0, 自营, 60.0, 法国
Dior 迪奥, 179.0, 320.0, 自营, 324.0, 法国
Dior 迪奥, 179.0, 320.0, 自营, 334.0, 法国
Dior 迪奥, 169.0, 299.0, 自营, 627.0, 法国
SAINT LAURENT PARIS 圣罗兰, 209.0, 368.0, 自营, 27.0, 法国
LANCÔME 兰蔻, 789.0, 1380.0, 自营, 26.0, 法国
LANCÔME 兰蔻, 789.0, 1380.0, 自营, 16.0, 法国
KIKO MILANO, 65.0, 115.0, 自营, 0.0, 意大利
TOM FORD 汤姆·福特, 459.0, 799.0, 自营, 12.0, 美国
SHISEIDO 资生堂, 89.0, 156.0, 自营, 10014.0, 日本
MAC 魅可, 135.0, 229.0, 自营, 394.0, 美国
["LORÉAL 欧莱雅", 109.0, 185.0, 非自营, 366.0, 法国
MARIE DALGAR 玛丽黛佳, 35.0, 59.0, 非自营, 151.0, 中国
MARIE DALGAR 玛丽黛佳, 175.0, 297.0, 非自营, 75.0, 中国
wet n wild, 29.0, 49.0, 自营, 865.0, 美国
SHISEIDO 资生堂, 498.0, 850.0, 自营, 9.0, 日本
GUERLAIN 娇兰, 189.0, 320.0, 自营, 899.0, 法国
GUERLAIN 娇兰, 189.0, 320.0, 自营, 259.0, 法国
GUERLAIN 娇兰, 189.0, 320.0, 自营, 162.0, 法国
GUERLAIN 娇兰, 189.0, 320.0, 自营, 347.0, 法国
GUERLAIN 娇兰, 189.0, 320.0, 自营, 0.0, 法国
GUERLAIN 娇兰, 379.0, 640.0, 自营, 5.0, 法国
Dior 迪奥, 179.0, 300.0, 自营, 1690.0, 法国
Dior 迪奥, 179.0, 300.0, 自营, 124.0, 法国
Dior 迪奥, 179.0, 300.0, 自营, 425.0, 法国
Dior 迪奥, 179.0, 300.0, 自营, 11.0, 法国
SAINT LAURENT PARIS 圣罗兰, 219.0, 368.0, 自营, 84.0, 法国
Manuka Bee 小蜜坊, 119.0, 198.0, 非自营, 4.0, 新西兰
Manuka Bee 小蜜坊, 59.0, 98.0, 非自营, 14.0, 新西兰
Manuka Bee 小蜜坊, 59.0, 98.0, 非自营, 3.0, 新西兰
Manuka Bee 小蜜坊, 59.0, 98.0, 非自营, 20.0, 新西兰
Dior 迪奥, 198.0, 320.0, 自营, 951.0, 法国
Dior 迪奥, 198.0, 320.0, 自营, 362.0, 法国
Dior 迪奥, 198.0, 320.0, 自营, 26.0, 法国
Dior 迪奥, 198.0, 320.0, 自营, 458.0, 法国
Dior 迪奥, 198.0, 320.0, 自营, 318.0, 法国
Dior 迪奥, 198.0, 320.0, 自营, 1072.0, 法国
Dior 迪奥, 198.0, 320.0, 自营, 3833.0, 法国
Dior 迪奥, 198.0, 320.0, 自营, 52.0, 法国
Dior 迪奥, 259.0, 420.0, 自营, 53.0, 法国
LANCÔME 兰蔻, 798.0, 1280.0, 自营, 18.0, 法国
MARIE DALGAR 玛丽黛佳, 49.0, 79.0, 非自营, 148.0, 中国
Maybelline 美宝莲, 49.0, 79.0, 自营, 5.0, 美国
GIORGIO ARMANI 乔治·阿玛尼, 599.0, 960.0, 自营, 559.0, 意大利
ESTĒE LAUDER 雅诗兰黛, 179.0, 290.0, 自营, 297.0, 美国
ESTĒE LAUDER 雅诗兰黛, 568.0, 900.0, 自营, 200.0, 美国
["LORÉAL 欧莱雅", 119.0, 186.0, 非自营, 2517.0, 法国
["LORÉAL 欧莱雅", 119.0, 186.0, 非自营, 215.0, 法国
CHANEL 香奈儿, 206.0, 320.0, 自营, 72.0, 法国
Dior 迪奥, 378.0, 580.0, 自营, 1652.0, 法国
Dior 迪奥, 599.0, 919.0, 自营, 38.0, 法国
Dior 迪奥, 599.0, 919.0, 自营, 68.0, 法国
SAINT LAURENT PARIS 圣罗兰, 209.0, 320.0, 自营, 400.0, 法国
GIVENCHY 纪梵希, 378.0, 580.0, 自营, 124.0, 法国
MARIE DALGAR 玛丽黛佳, 104.0, 160.0, 非自营, 369.0, 中国
Manuka Bee 小蜜坊, 129.0, 198.0, 非自营, 15.0, 新西兰
Dior 迪奥, 198.0, 299.0, 自营, 23440.0, 法国
Dior 迪奥, 198.0, 299.0, 自营, 5900.0, 法国
Dior 迪奥, 198.0, 299.0, 自营, 8437.0, 法国
Dior 迪奥, 198.0, 300.0, 自营, 488.0, 法国
Dior 迪奥, 198.0, 300.0, 自营, 207.0, 法国
GIVENCHY 纪梵希, 279.0, 420.0, 自营, 676.0, 法国
LANCÔME 兰蔻, 99.0, 150.0, 自营, 2181.0, 法国
LANCÔME 兰蔻, 158.0, 240.0, 自营, 163.0, 法国
LANCÔME 兰蔻, 158.0, 240.0, 自营, 163.0, 法国
TOM FORD 汤姆·福特, 289.0, 435.0, 自营, 148.0, 美国
Maybelline 美宝莲, 99.0, 150.0, 非自营, 74.0, 美国
wet n wild, 19.0, 29.0, 非自营, 501.0, 美国
GUERLAIN 娇兰, 425.0, 640.0, 自营, 40.0, 法国
MENTHOLATUM 曼秀雷敦, 39.0, 59.0, 非自营, 1873.0, 日本
Manuka Bee 小蜜坊, 39.0, 59.0, 非自营, 65.0, 新西兰
Manuka Bee 小蜜坊, 39.0, 59.0, 非自营, 32.0, 新西兰
Manuka Bee 小蜜坊, 39.0, 59.0, 非自营, 19.0, 新西兰
Manuka Bee 小蜜坊, 39.0, 59.0, 非自营, 23.0, 新西兰
Manuka Bee 小蜜坊, 39.0, 59.0, 非自营, 15.0, 新西兰
Manuka Bee 小蜜坊, 39.0, 59.0, 非自营, 14.0, 新西兰
Manuka Bee 小蜜坊, 39.0, 59.0, 非自营, 14.0, 新西兰
Manuka Bee 小蜜坊, 39.0, 59.0, 非自营, 10.0, 新西兰
Manuka Bee 小蜜坊, 39.0, 59.0, 非自营, 7.0, 新西兰
Manuka Bee 小蜜坊, 39.0, 59.0, 非自营, 5.0, 新西兰
Dior 迪奥, 302.0, 451.0, 非自营, 0.0, 法国
GIVENCHY 纪梵希, 238.0, 355.0, 自营, 36.0, 法国
SAINT LAURENT PARIS 圣罗兰, 219.0, 320.0, 自营, 17.0, 法国
SAINT LAURENT PARIS 圣罗兰, 219.0, 320.0, 自营, 4.0, 法国
SAINT LAURENT PARIS 圣罗兰, 219.0, 320.0, 自营, 83.0, 法国
SAINT LAURENT PARIS 圣罗兰, 219.0, 320.0, 自营, 712.0, 法国
SAINT LAURENT PARIS 圣罗兰, 219.0, 320.0, 自营, 114.0, 法国
SAINT LAURENT PARIS 圣罗兰, 219.0, 320.0, 自营, 125.0, 法国
SHISEIDO 资生堂, 106.0, 156.0, 非自营, 1.0, 日本
Maybelline 美宝莲, 89.0, 129.0, 非自营, 1218.0, 美国
SAINT LAURENT PARIS 圣罗兰, 259.0, 368.0, 自营, 133.0, 法国
MAC 魅可, 119.0, 170.0, 自营, 1343.0, 美国
["LORÉAL 欧莱雅", 119.0, 170.0, 非自营, 2989.0, 法国
["LORÉAL 欧莱雅", 119.0, 170.0, 非自营, 139.0, 法国
MARIE DALGAR 玛丽黛佳, 118.0, 169.0, 非自营, 88.0, 中国
MARIE DALGAR 玛丽黛佳, 118.0, 169.0, 非自营, 29.0, 中国
SHISEIDO 资生堂, 225.0, 320.0, 自营, 88.0, 日本
Manuka Bee 小蜜坊, 55.0, 79.0, 自营, 79.0, 新西兰
["LORÉAL 欧莱雅", 125.0, 176.0, 非自营, 321.0, 法国
GIVENCHY 纪梵希, 298.0, 420.0, 自营, 288.0, 法国
LANCÔME 兰蔻, 578.0, 810.0, 自营, 2.0, 法国
Manuka Bee 小蜜坊, 42.0, 59.0, 非自营, 39.0, 新西兰
Manuka Bee 小蜜坊, 42.0, 59.0, 非自营, 6.0, 新西兰
SAINT LAURENT PARIS 圣罗兰, 229.0, 320.0, 自营, 109.0, 法国
SAINT LAURENT PARIS 圣罗兰, 229.0, 320.0, 自营, 33.0, 法国
SAINT LAURENT PARIS 圣罗兰, 229.0, 320.0, 自营, 112.0, 法国
SAINT LAURENT PARIS 圣罗兰, 229.0, 320.0, 自营, 264.0, 法国
SAINT LAURENT PARIS 圣罗兰, 229.0, 320.0, 自营, 99.0, 法国
SAINT LAURENT PARIS 圣罗兰, 229.0, 320.0, 自营, 3.0, 法国
TOM FORD 汤姆·福特, 289.0, 399.0, 自营, 191.0, 美国
CHANEL 香奈儿, 229.0, 320.0, 自营, 464.0, 法国
Maybelline 美宝莲, 79.0, 109.0, 自营, 30.0, 美国
SAINT LAURENT PARIS 圣罗兰, 255.0, 350.0, 非自营, 0.0, 法国
GIVENCHY 纪梵希, 259.0, 355.0, 自营, 474.0, 法国
GIVENCHY 纪梵希, 259.0, 355.0, 自营, 102.0, 法国
GIVENCHY 纪梵希, 259.0, 355.0, 自营, 186.0, 法国
GIVENCHY 纪梵希, 259.0, 355.0, 自营, 63.0, 法国
GIVENCHY 纪梵希, 259.0, 355.0, 自营, 13.0, 法国
GIVENCHY 纪梵希, 259.0, 355.0, 自营, 55.0, 法国
GIVENCHY 纪梵希, 259.0, 355.0, 自营, 45.0, 法国
GIVENCHY 纪梵希, 259.0, 355.0, 自营, 31.0, 法国
GIVENCHY 纪梵希, 259.0, 355.0, 自营, 9.0, 法国
BareMinerals, 149.0, 205.0, 自营, 0.0, 美国
BareMinerals, 149.0, 205.0, 自营, 4.0, 美国
BareMinerals, 149.0, 205.0, 自营, 3.0, 美国
BareMinerals, 149.0, 205.0, 自营, 0.0, 美国
SHISEIDO 资生堂, 147.0, 199.0, 自营, 702.0, 日本
SHISEIDO 资生堂, 185.0, 250.0, 自营, 6.0, 日本
SHISEIDO 资生堂, 185.0, 250.0, 自营, 0.0, 日本
SHISEIDO 资生堂, 185.0, 250.0, 自营, 1.0, 日本
SHISEIDO 资生堂, 185.0, 250.0, 自营, 6.0, 日本
GUERLAIN 娇兰, 238.0, 322.0, 非自营, 34.0, 法国
Dior 迪奥, 239.0, 320.0, 自营, 36.0, 法国
SAINT LAURENT PARIS 圣罗兰, 698.0, 930.0, 自营, 94.0, 法国
SAINT LAURENT PARIS 圣罗兰, 239.0, 320.0, 自营, 878.0, 法国
["LORÉAL 欧莱雅", 119.0, 159.0, 非自营, 90.0, 法国
ESTĒE LAUDER 雅诗兰黛, 225.0, 300.0, 自营, 663.0, 美国
ESTĒE LAUDER 雅诗兰黛, 225.0, 300.0, 自营, 557.0, 美国
GUERLAIN 娇兰, 239.0, 320.0, 自营, 17.0, 法国
SAINT LAURENT PARIS 圣罗兰, 229.0, 300.0, 自营, 7.0, 法国
SAINT LAURENT PARIS 圣罗兰, 229.0, 300.0, 自营, 26.0, 法国
SAINT LAURENT PARIS 圣罗兰, 279.0, 368.0, 自营, 11.0, 法国
SAINT LAURENT PARIS 圣罗兰, 279.0, 368.0, 自营, 144.0, 法国
MAC 魅可, 129.0, 170.0, 自营, 231.0, 美国
MAC 魅可, 129.0, 170.0, 自营, 1.0, 美国
MAC 魅可, 129.0, 170.0, 自营, 70.0, 美国
["LORÉAL 欧莱雅", 95.0, 125.0, 自营, 45.0, 法国
["LORÉAL 欧莱雅", 95.0, 125.0, 自营, 13.0, 法国
["LORÉAL 欧莱雅", 95.0, 125.0, 自营, 153.0, 法国
MARIE DALGAR 玛丽黛佳, 75.0, 99.0, 非自营, 369.0, 中国
ESTĒE LAUDER 雅诗兰黛, 229.0, 300.0, 自营, 14.0, 美国
ESTĒE LAUDER 雅诗兰黛, 229.0, 300.0, 自营, 22.0, 美国
GIVENCHY 纪梵希, 275.0, 355.0, 自营, 958.0, 法国
LANCÔME 兰蔻, 209.0, 270.0, 自营, 2157.0, 法国
LANCÔME 兰蔻, 209.0, 270.0, 自营, 49.0, 法国
LANCÔME 兰蔻, 199.0, 260.0, 自营, 189.0, 法国
LANCÔME 兰蔻, 209.0, 270.0, 自营, 2.0, 法国
LANCÔME 兰蔻, 199.0, 260.0, 自营, 73.0, 法国
LANCÔME 兰蔻, 209.0, 270.0, 自营, 15.0, 法国
CHANEL 香奈儿, 349.0, 455.0, 自营, 45.0, 法国
GUERLAIN 娇兰, 185.0, 240.0, 自营, 4.0, 法国
Dior 迪奥, 248.0, 320.0, 自营, 26.0, 法国
Dior 迪奥, 248.0, 320.0, 自营, 19.0, 法国
Dior 迪奥, 248.0, 320.0, 自营, 95.0, 法国
Dior 迪奥, 248.0, 320.0, 自营, 39.0, 法国
SAINT LAURENT PARIS 圣罗兰, 249.0, 320.0, 自营, 22.0, 法国
SAINT LAURENT PARIS 圣罗兰, 249.0, 320.0, 自营, 753.0, 法国
SAINT LAURENT PARIS 圣罗兰, 249.0, 320.0, 自营, 17.0, 法国
["LORÉAL 欧莱雅", 109.0, 140.0, 非自营, 191.0, 法国
["LORÉAL 欧莱雅", 109.0, 140.0, 非自营, 96.0, 法国
["LORÉAL 欧莱雅", 98.0, 125.0, 自营, 20.0, 法国
["LORÉAL 欧莱雅", 98.0, 125.0, 自营, 34.0, 法国
["LORÉAL 欧莱雅", 98.0, 125.0, 自营, 31.0, 法国
["LORÉAL 欧莱雅", 98.0, 125.0, 自营, 13.0, 法国
["LORÉAL 欧莱雅", 98.0, 125.0, 自营, 7.0, 法国
GIVENCHY 纪梵希, 248.0, 320.0, 自营, 283.0, 法国
GIVENCHY 纪梵希, 248.0, 320.0, 自营, 287.0, 法国
GIVENCHY 纪梵希, 248.0, 320.0, 自营, 497.0, 法国
GIVENCHY 纪梵希, 248.0, 320.0, 自营, 28.0, 法国
GIVENCHY 纪梵希, 248.0, 320.0, 自营, 1.0, 法国
GIVENCHY 纪梵希, 248.0, 320.0, 自营, 97.0, 法国
TOM FORD 汤姆·福特, 269.0, 345.0, 自营, 281.0, 美国
CHANEL 香奈儿, 249.0, 320.0, 自营, 2.0, 法国
GIORGIO ARMANI 乔治·阿玛尼, 248.0, 320.0, 自营, 10.0, 意大利
GIORGIO ARMANI 乔治·阿玛尼, 248.0, 320.0, 自营, 3.0, 意大利
GIORGIO ARMANI 乔治·阿玛尼, 248.0, 320.0, 自营, 584.0, 意大利
Dior 迪奥, 278.0, 350.0, 自营, 97.0, 法国
SAINT LAURENT PARIS 圣罗兰, 289.0, 368.0, 自营, 52.0, 法国
MAC 魅可, 135.0, 170.0, 自营, 18068.0, 美国
MAC 魅可, 135.0, 170.0, 自营, 8276.0, 美国
MAC 魅可, 135.0, 170.0, 自营, 278.0, 美国
MAC 魅可, 135.0, 170.0, 自营, 91.0, 美国
MAC 魅可, 135.0, 170.0, 自营, 169.0, 美国
MAC 魅可, 135.0, 170.0, 自营, 48.0, 美国
MAC 魅可, 135.0, 170.0, 自营, 113.0, 美国
MAC 魅可, 135.0, 170.0, 自营, 280.0, 美国
MAC 魅可, 135.0, 170.0, 自营, 72.0, 美国
MAC 魅可, 135.0, 170.0, 自营, 255.0, 美国
MAC 魅可, 135.0, 170.0, 自营, 47.0, 美国
MAC 魅可, 135.0, 170.0, 自营, 8.0, 美国
MAC 魅可, 135.0, 170.0, 自营, 2.0, 美国
MAC 魅可, 135.0, 170.0, 自营, 542.0, 美国
MAC 魅可, 135.0, 170.0, 自营, 31.0, 美国
LANCÔME 兰蔻, 639.0, 810.0, 自营, 16.0, 法国
SHISEIDO 资生堂, 205.0, 260.0, 自营, 24.0, 日本
SHISEIDO 资生堂, 205.0, 260.0, 自营, 94.0, 日本
SHISEIDO 资生堂, 205.0, 260.0, 自营, 43.0, 日本
SHISEIDO 资生堂, 205.0, 260.0, 自营, 315.0, 日本
SHISEIDO 资生堂, 205.0, 260.0, 自营, 26.0, 日本
SHISEIDO 资生堂, 205.0, 260.0, 自营, 56.0, 日本
SHISEIDO 资生堂, 205.0, 260.0, 自营, 91.0, 日本
TOM FORD 汤姆·福特, 349.0, 435.0, 自营, 687.0, 美国
MARIE DALGAR 玛丽黛佳, 79.0, 99.0, 非自营, 287.0, 中国
ESTĒE LAUDER 雅诗兰黛, 239.0, 300.0, 自营, 1357.0, 美国
ESTĒE LAUDER 雅诗兰黛, 239.0, 300.0, 自营, 32.0, 美国
wet n wild, 39.0, 49.0, 非自营, 37.0, 美国
wet n wild, 39.0, 49.0, 非自营, 79.0, 美国
BareMinerals, 231.0, 287.0, 自营, 10.0, 美国
BareMinerals, 197.0, 246.0, 自营, 8.0, 美国
SHISEIDO 资生堂, 78.0, 98.0, 非自营, 2.0, 日本
Dior 迪奥, 258.0, 320.0, 自营, 28.0, 法国
Dior 迪奥, 259.0, 320.0, 自营, 153.0, 法国
Dior 迪奥, 258.0, 320.0, 自营, 122.0, 法国
Dior 迪奥, 258.0, 320.0, 自营, 47.0, 法国
SAINT LAURENT PARIS 圣罗兰, 259.0, 320.0, 自营, 511.0, 法国
SAINT LAURENT PARIS 圣罗兰, 259.0, 320.0, 自营, 220.0, 法国
SAINT LAURENT PARIS 圣罗兰, 259.0, 320.0, 自营, 121.0, 法国
SAINT LAURENT PARIS 圣罗兰, 259.0, 320.0, 自营, 74.0, 法国
SAINT LAURENT PARIS 圣罗兰, 259.0, 320.0, 自营, 169.0, 法国
SAINT LAURENT PARIS 圣罗兰, 258.0, 320.0, 非自营, 6.0, 法国
SAINT LAURENT PARIS 圣罗兰, 259.0, 320.0, 自营, 93.0, 法国
SAINT LAURENT PARIS 圣罗兰, 259.0, 320.0, 自营, 60.0, 法国
GIVENCHY 纪梵希, 259.0, 320.0, 自营, 465.0, 法国
GIVENCHY 纪梵希, 259.0, 320.0, 自营, 383.0, 法国
GIVENCHY 纪梵希, 259.0, 320.0, 自营, 686.0, 法国
Maybelline 美宝莲, 105.0, 130.0, 非自营, 22.0, 美国
BareMinerals, 157.0, 195.0, 自营, 5.0, 美国
BareMinerals, 166.0, 205.0, 自营, 8.0, 美国
BareMinerals, 157.0, 195.0, 自营, 0.0, 美国
BareMinerals, 157.0, 195.0, 自营, 0.0, 美国
BareMinerals, 166.0, 205.0, 自营, 0.0, 美国
BareMinerals, 157.0, 195.0, 自营, 0.0, 美国
BareMinerals, 157.0, 195.0, 自营, 3.0, 美国
BareMinerals, 166.0, 205.0, 自营, 11.0, 美国
BareMinerals, 157.0, 195.0, 自营, 3.0, 美国
BareMinerals, 166.0, 205.0, 自营, 0.0, 美国
BareMinerals, 166.0, 205.0, 自营, 0.0, 美国
BareMinerals, 157.0, 195.0, 自营, 0.0, 美国
BareMinerals, 166.0, 205.0, 自营, 0.0, 美国
BareMinerals, 157.0, 195.0, 自营, 0.0, 美国
BareMinerals, 157.0, 195.0, 自营, 0.0, 美国
BareMinerals, 166.0, 205.0, 自营, 3.0, 美国
BareMinerals, 157.0, 195.0, 自营, 0.0, 美国
BareMinerals, 157.0, 195.0, 自营, 1.0, 美国
BareMinerals, 166.0, 205.0, 自营, 0.0, 美国
BareMinerals, 166.0, 205.0, 自营, 3.0, 美国
BareMinerals, 157.0, 195.0, 自营, 0.0, 美国
BareMinerals, 166.0, 205.0, 自营, 3.0, 美国
BareMinerals, 166.0, 205.0, 自营, 0.0, 美国
BareMinerals, 157.0, 195.0, 自营, 0.0, 美国
BareMinerals, 157.0, 195.0, 自营, 0.0, 美国
BareMinerals, 157.0, 195.0, 自营, 0.0, 美国
BareMinerals, 143.0, 176.0, 自营, 17.0, 美国
BareMinerals, 157.0, 195.0, 自营, 0.0, 美国
BareMinerals, 149.0, 184.0, 自营, 3.0, 美国
BareMinerals, 157.0, 195.0, 自营, 0.0, 美国
BareMinerals, 149.0, 184.0, 自营, 0.0, 美国
BareMinerals, 157.0, 195.0, 自营, 0.0, 美国
BareMinerals, 149.0, 184.0, 自营, 0.0, 美国
BareMinerals, 149.0, 184.0, 自营, 0.0, 美国
BareMinerals, 149.0, 184.0, 自营, 0.0, 美国
BareMinerals, 157.0, 195.0, 自营, 0.0, 美国
BareMinerals, 149.0, 184.0, 自营, 0.0, 美国
BareMinerals, 157.0, 195.0, 自营, 3.0, 美国
BareMinerals, 157.0, 195.0, 自营, 0.0, 美国
BareMinerals, 143.0, 176.0, 自营, 3.0, 美国
BareMinerals, 143.0, 176.0, 自营, 6.0, 美国
BareMinerals, 143.0, 176.0, 自营, 7.0, 美国
BareMinerals, 143.0, 176.0, 自营, 5.0, 美国
BareMinerals, 143.0, 176.0, 自营, 1.0, 美国
BareMinerals, 143.0, 176.0, 自营, 4.0, 美国
BareMinerals, 143.0, 176.0, 自营, 0.0, 美国
BareMinerals, 143.0, 176.0, 自营, 0.0, 美国
BareMinerals, 143.0, 176.0, 自营, 0.0, 美国
BareMinerals, 143.0, 176.0, 自营, 0.0, 美国
BareMinerals, 143.0, 176.0, 自营, 0.0, 美国
BareMinerals, 143.0, 177.0, 自营, 0.0, 美国
CHANEL 香奈儿, 269.0, 330.0, 自营, 446.0, 法国
CHANEL 香奈儿, 269.0, 330.0, 自营, 209.0, 法国
ESTĒE LAUDER 雅诗兰黛, 179.0, 218.0, 自营, 29.0, 美国
BareMinerals, 160.0, 195.0, 自营, 0.0, 美国
BareMinerals, 244.0, 297.0, 自营, 24.0, 美国
Dior 迪奥, 248.0, 300.0, 自营, 22.0, 法国
Dior 迪奥, 248.0, 300.0, 自营, 27.0, 法国
SAINT LAURENT PARIS 圣罗兰, 265.0, 320.0, 自营, 10.0, 法国
TOM FORD 汤姆·福特, 379.0, 459.0, 自营, 1203.0, 美国
TOM FORD 汤姆·福特, 359.0, 435.0, 自营, 243.0, 美国
CHANEL 香奈儿, 267.0, 320.0, 自营, 1257.0, 法国
CHANEL 香奈儿, 267.0, 320.0, 自营, 56.0, 法国
CHANEL 香奈儿, 267.0, 320.0, 自营, 331.0, 法国
CHANEL 香奈儿, 267.0, 320.0, 自营, 490.0, 法国
CHANEL 香奈儿, 267.0, 320.0, 自营, 326.0, 法国
Maybelline 美宝莲, 99.0, 119.0, 非自营, 324.0, 美国
Maybelline 美宝莲, 99.0, 119.0, 非自营, 57.0, 美国
GIORGIO ARMANI 乔治·阿玛尼, 298.0, 360.0, 自营, 208.0, 意大利
GIORGIO ARMANI 乔治·阿玛尼, 258.0, 310.0, 自营, 38.0, 意大利
BareMinerals, 176.0, 211.0, 非自营, 0.0, 美国
BareMinerals, 146.0, 176.0, 自营, 2.0, 美国
BareMinerals, 166.0, 200.0, 非自营, 0.0, 美国
BareMinerals, 170.0, 205.0, 非自营, 0.0, 美国
GUERLAIN 娇兰, 479.0, 580.0, 自营, 14.0, 法国
GUERLAIN 娇兰, 479.0, 580.0, 自营, 54.0, 法国
["LORÉAL 欧莱雅", 105.0, 125.0, 自营, 0.0, 法国
GIVENCHY 纪梵希, 298.0, 355.0, 自营, 1349.0, 法国
GIVENCHY 纪梵希, 298.0, 355.0, 自营, 1014.0, 法国
GIVENCHY 纪梵希, 298.0, 355.0, 自营, 519.0, 法国
GIVENCHY 纪梵希, 298.0, 355.0, 自营, 113.0, 法国
GIVENCHY 纪梵希, 298.0, 355.0, 自营, 256.0, 法国
GIVENCHY 纪梵希, 298.0, 355.0, 自营, 496.0, 法国
LANCÔME 兰蔻, 218.0, 260.0, 自营, 108.0, 法国
TOM FORD 汤姆·福特, 289.0, 345.0, 自营, 155.0, 美国
TOM FORD 汤姆·福特, 289.0, 345.0, 自营, 28.0, 美国
TOM FORD 汤姆·福特, 289.0, 345.0, 自营, 55.0, 美国
TOM FORD 汤姆·福特, 289.0, 345.0, 自营, 96.0, 美国
MARIE DALGAR 玛丽黛佳, 75.0, 89.0, 非自营, 303.0, 中国
CHANEL 香奈儿, 269.0, 320.0, 自营, 276.0, 法国
CHANEL 香奈儿, 269.0, 320.0, 自营, 48.0, 法国
CHANEL 香奈儿, 269.0, 320.0, 自营, 72.0, 法国
CHANEL 香奈儿, 269.0, 320.0, 自营, 121.0, 法国
GIORGIO ARMANI 乔治·阿玛尼, 268.0, 320.0, 自营, 250.0, 意大利
GIORGIO ARMANI 乔治·阿玛尼, 268.0, 320.0, 自营, 24.0, 意大利
GIORGIO ARMANI 乔治·阿玛尼, 268.0, 319.0, 非自营, 0.0, 意大利
GIORGIO ARMANI 乔治·阿玛尼, 268.0, 320.0, 自营, 26.0, 意大利
GIORGIO ARMANI 乔治·阿玛尼, 268.0, 320.0, 自营, 18.0, 意大利
GIORGIO ARMANI 乔治·阿玛尼, 268.0, 320.0, 自营, 19.0, 意大利
GIORGIO ARMANI 乔治·阿玛尼, 268.0, 320.0, 自营, 52.0, 意大利
Dior 迪奥, 1698.0, 2000.0, 自营, 202.0, 法国
SAINT LAURENT PARIS 圣罗兰, 265.0, 310.0, 自营, 11.0, 法国
SAINT LAURENT PARIS 圣罗兰, 265.0, 310.0, 自营, 12.0, 法国
SAINT LAURENT PARIS 圣罗兰, 265.0, 310.0, 自营, 6.0, 法国
MARIE DALGAR 玛丽黛佳, 118.0, 139.0, 非自营, 88.0, 中国
GIVENCHY 纪梵希, 275.0, 320.0, 自营, 244.0, 法国
GIVENCHY 纪梵希, 275.0, 320.0, 自营, 178.0, 法国
GIVENCHY 纪梵希, 275.0, 320.0, 自营, 1106.0, 法国
GIVENCHY 纪梵希, 275.0, 320.0, 自营, 1125.0, 法国
GIVENCHY 纪梵希, 275.0, 320.0, 自营, 750.0, 法国
GIORGIO ARMANI 乔治·阿玛尼, 268.0, 312.0, 非自营, 1.0, 意大利
GIORGIO ARMANI 乔治·阿玛尼, 268.0, 310.0, 自营, 106.0, 意大利
GIORGIO ARMANI 乔治·阿玛尼, 268.0, 310.0, 自营, 113.0, 意大利
wet n wild, 25.0, 29.0, 自营, 551.0, 美国
Dior 迪奥, 278.0, 320.0, 自营, 30.0, 法国
SAINT LAURENT PARIS 圣罗兰, 279.0, 320.0, 自营, 579.0, 法国
SAINT LAURENT PARIS 圣罗兰, 279.0, 320.0, 自营, 575.0, 法国
SAINT LAURENT PARIS 圣罗兰, 279.0, 320.0, 自营, 597.0, 法国
SAINT LAURENT PARIS 圣罗兰, 279.0, 320.0, 自营, 2008.0, 法国
SAINT LAURENT PARIS 圣罗兰, 279.0, 320.0, 自营, 274.0, 法国
SAINT LAURENT PARIS 圣罗兰, 279.0, 320.0, 自营, 158.0, 法国
SAINT LAURENT PARIS 圣罗兰, 279.0, 320.0, 自营, 110.0, 法国
SAINT LAURENT PARIS 圣罗兰, 279.0, 320.0, 自营, 243.0, 法国
SAINT LAURENT PARIS 圣罗兰, 279.0, 320.0, 自营, 60.0, 法国
SAINT LAURENT PARIS 圣罗兰, 279.0, 320.0, 自营, 1177.0, 法国
SAINT LAURENT PARIS 圣罗兰, 279.0, 320.0, 自营, 515.0, 法国
["LORÉAL 欧莱雅", 109.0, 125.0, 自营, 101.0, 法国
["LORÉAL 欧莱雅", 109.0, 125.0, 自营, 27.0, 法国
["LORÉAL 欧莱雅", 109.0, 125.0, 自营, 276.0, 法国
TOM FORD 汤姆·福特, 379.0, 435.0, 自营, 1873.0, 美国
TOM FORD 汤姆·福特, 379.0, 435.0, 自营, 334.0, 美国
TOM FORD 汤姆·福特, 379.0, 435.0, 自营, 321.0, 美国
TOM FORD 汤姆·福特, 379.0, 435.0, 自营, 66.0, 美国
TOM FORD 汤姆·福特, 379.0, 435.0, 自营, 473.0, 美国
TOM FORD 汤姆·福特, 379.0, 435.0, 自营, 126.0, 美国
TOM FORD 汤姆·福特, 379.0, 435.0, 自营, 41.0, 美国
TOM FORD 汤姆·福特, 379.0, 435.0, 自营, 68.0, 美国
MARIE DALGAR 玛丽黛佳, 69.0, 79.0, 非自营, 60.0, 中国
Maybelline 美宝莲, 69.0, 79.0, 自营, 142.0, 美国
GIORGIO ARMANI 乔治·阿玛尼, 279.0, 320.0, 自营, 342.0, 意大利
GIORGIO ARMANI 乔治·阿玛尼, 278.0, 320.0, 自营, 39.0, 意大利
GIORGIO ARMANI 乔治·阿玛尼, 278.0, 320.0, 自营, 49.0, 意大利
SHISEIDO 资生堂, 68.0, 78.0, 自营, 13502.0, 日本
SHISEIDO 资生堂, 135.0, 156.0, 非自营, 8.0, 日本
SHISEIDO 资生堂, 68.0, 78.0, 非自营, 0.0, 日本
Maybelline 美宝莲, 105.0, 119.0, 非自营, 106.0, 美国
GUERLAIN 娇兰, 229.0, 260.0, 自营, 41.0, 法国
GUERLAIN 娇兰, 229.0, 260.0, 自营, 6.0, 法国
SAINT LAURENT PARIS 圣罗兰, 285.0, 320.0, 非自营, 1.0, 法国
LANCÔME 兰蔻, 239.0, 270.0, 自营, 198.0, 法国
LANCÔME 兰蔻, 239.0, 270.0, 自营, 760.0, 法国
LANCÔME 兰蔻, 239.0, 270.0, 自营, 45.0, 法国
CHANEL 香奈儿, 289.0, 320.0, 自营, 0.0, 法国
CHANEL 香奈儿, 289.0, 320.0, 自营, 344.0, 法国
CHANEL 香奈儿, 289.0, 320.0, 自营, 340.0, 法国
CHANEL 香奈儿, 289.0, 320.0, 自营, 100.0, 法国
SHISEIDO 资生堂, 208.0, 230.0, 自营, 8.0, 日本
SAINT LAURENT PARIS 圣罗兰, 298.0, 328.0, 自营, 1855.0, 法国
SAINT LAURENT PARIS 圣罗兰, 265.0, 290.0, 自营, 90.0, 法国
SAINT LAURENT PARIS 圣罗兰, 265.0, 290.0, 自营, 16.0, 法国
SAINT LAURENT PARIS 圣罗兰, 265.0, 290.0, 自营, 26.0, 法国
["LORÉAL 欧莱雅", 99.0, 109.0, 非自营, 132.0, 法国
LANCÔME 兰蔻, 249.0, 270.0, 自营, 1.0, 法国
Dior 迪奥, 298.0, 320.0, 自营, 4350.0, 法国
Dior 迪奥, 298.0, 320.0, 自营, 109.0, 法国
Dior 迪奥, 298.0, 320.0, 自营, 582.0, 法国
Dior 迪奥, 298.0, 320.0, 自营, 1666.0, 法国
Dior 迪奥, 278.0, 300.0, 自营, 38.0, 法国
Dior 迪奥, 298.0, 320.0, 自营, 283.0, 法国
Dior 迪奥, 298.0, 320.0, 自营, 1840.0, 法国
Dior 迪奥, 298.0, 320.0, 自营, 231.0, 法国
Dior 迪奥, 298.0, 320.0, 自营, 1202.0, 法国
Dior 迪奥, 298.0, 320.0, 自营, 644.0, 法国
Dior 迪奥, 298.0, 320.0, 自营, 316.0, 法国
Dior 迪奥, 298.0, 320.0, 自营, 138.0, 法国
Dior 迪奥, 298.0, 320.0, 自营, 155.0, 法国
Dior 迪奥, 298.0, 320.0, 自营, 615.0, 法国
Dior 迪奥, 298.0, 320.0, 自营, 309.0, 法国
Dior 迪奥, 298.0, 320.0, 自营, 47.0, 法国
Dior 迪奥, 298.0, 320.0, 自营, 249.0, 法国
Dior 迪奥, 278.0, 300.0, 自营, 713.0, 法国
Dior 迪奥, 298.0, 320.0, 自营, 307.0, 法国
Dior 迪奥, 298.0, 320.0, 自营, 204.0, 法国
Dior 迪奥, 298.0, 320.0, 自营, 9.0, 法国
Dior 迪奥, 298.0, 320.0, 自营, 3.0, 法国
Dior 迪奥, 298.0, 320.0, 自营, 88.0, 法国
Dior 迪奥, 298.0, 320.0, 自营, 9.0, 法国
Dior 迪奥, 298.0, 320.0, 自营, 74.0, 法国
Dior 迪奥, 298.0, 320.0, 自营, 7.0, 法国
Dior 迪奥, 298.0, 320.0, 自营, 64.0, 法国
Dior 迪奥, 298.0, 320.0, 自营, 8.0, 法国
Dior 迪奥, 298.0, 320.0, 自营, 166.0, 法国
Dior 迪奥, 278.0, 300.0, 自营, 7.0, 法国
Dior 迪奥, 298.0, 320.0, 自营, 567.0, 法国
Dior 迪奥, 298.0, 320.0, 自营, 68.0, 法国
SAINT LAURENT PARIS 圣罗兰, 298.0, 320.0, 自营, 4384.0, 法国
SAINT LAURENT PARIS 圣罗兰, 298.0, 320.0, 自营, 1115.0, 法国
SAINT LAURENT PARIS 圣罗兰, 298.0, 320.0, 自营, 1828.0, 法国
SAINT LAURENT PARIS 圣罗兰, 298.0, 320.0, 自营, 289.0, 法国
SAINT LAURENT PARIS 圣罗兰, 298.0, 320.0, 自营, 575.0, 法国
SAINT LAURENT PARIS 圣罗兰, 298.0, 320.0, 自营, 148.0, 法国
SAINT LAURENT PARIS 圣罗兰, 298.0, 320.0, 自营, 19.0, 法国
SAINT LAURENT PARIS 圣罗兰, 298.0, 320.0, 自营, 466.0, 法国
SAINT LAURENT PARIS 圣罗兰, 298.0, 320.0, 自营, 189.0, 法国
SAINT LAURENT PARIS 圣罗兰, 298.0, 320.0, 自营, 245.0, 法国
SAINT LAURENT PARIS 圣罗兰, 298.0, 320.0, 自营, 209.0, 法国
GIVENCHY 纪梵希, 298.0, 320.0, 自营, 1791.0, 法国
GIORGIO ARMANI 乔治·阿玛尼, 298.0, 320.0, 自营, 12.0, 意大利
GIORGIO ARMANI 乔治·阿玛尼, 298.0, 320.0, 自营, 18.0, 意大利
GIORGIO ARMANI 乔治·阿玛尼, 298.0, 320.0, 自营, 91.0, 意大利
GIORGIO ARMANI 乔治·阿玛尼, 298.0, 320.0, 自营, 61.0, 意大利
GIORGIO ARMANI 乔治·阿玛尼, 298.0, 320.0, 自营, 73.0, 意大利
GIORGIO ARMANI 乔治·阿玛尼, 298.0, 320.0, 自营, 26.0, 意大利
GIORGIO ARMANI 乔治·阿玛尼, 298.0, 320.0, 自营, 90.0, 意大利
GIORGIO ARMANI 乔治·阿玛尼, 298.0, 320.0, 自营, 257.0, 意大利
GUERLAIN 娇兰, 229.0, 240.0, 自营, 13.0, 法国
Dior 迪奥, 308.0, 321.0, 非自营, 12.0, 法国
Maybelline 美宝莲, 105.0, 109.0, 自营, 184.0, 美国
GIORGIO ARMANI 乔治·阿玛尼, 298.0, 310.0, 自营, 207.0, 意大利
GIORGIO ARMANI 乔治·阿玛尼, 298.0, 310.0, 自营, 94.0, 意大利
GIORGIO ARMANI 乔治·阿玛尼, 298.0, 310.0, 自营, 72.0, 意大利
SAINT LAURENT PARIS 圣罗兰, 315.0, 321.0, 非自营, 25.0, 法国
Dior 迪奥, 298.0, 300.0, 自营, 98.0, 法国
Dior 迪奥, 298.0, 300.0, 自营, 16.0, 法国
GIORGIO ARMANI 乔治·阿玛尼, 298.0, 300.0, 自营, 893.0, 意大利
Dior 迪奥, 169.0, 169.0, 自营, 555.0, 法国
Dior 迪奥, 358.0, 358.0, 自营, 1737.0, 法国
Dior 迪奥, 169.0, 169.0, 自营, 17655.0, 法国
Dior 迪奥, 378.0, 378.0, 自营, 23.0, 法国
Dior 迪奥, 258.0, 258.0, 自营, 627.0, 法国
MAC 魅可, 119.0, 119.0, 自营, 77.0, 美国
MAC 魅可, 119.0, 119.0, 自营, 74.0, 美国
["LORÉAL 欧莱雅", 109.0, 109.0, 非自营, 85.0, 法国
GIVENCHY 纪梵希, 278.0, 278.0, 自营, 0.0, 法国
GIVENCHY 纪梵希, 259.0, 259.0, 自营, 574.0, 法国
LANCÔME 兰蔻, 69.0, 69.0, 自营, 863.0, 法国
Maybelline 美宝莲, 109.0, 109.0, 自营, 127.0, 美国
Maybelline 美宝莲, 99.0, 99.0, 自营, 94.0, 美国
GIORGIO ARMANI 乔治·阿玛尼, 559.0, 559.0, 自营, 517.0, 意大利
GIORGIO ARMANI 乔治·阿玛尼, 309.0, 310.0, 自营, 110.0, 意大利
ESTĒE LAUDER 雅诗兰黛, 498.0, 498.0, 自营, 0.0, 美国
ESTĒE LAUDER 雅诗兰黛, 89.0, 89.0, 自营, 184.0, 美国
wet n wild, 49.0, 49.0, 非自营, 4.0, 美国
wet n wild, 49.0, 49.0, 非自营, 1.0, 美国
wet n wild, 49.0, 49.0, 非自营, 1.0, 美国
wet n wild, 49.0, 49.0, 非自营, 0.0, 美国
wet n wild, 49.0, 49.0, 非自营, 0.0, 美国
wet n wild, 49.0, 49.0, 非自营, 0.0, 美国
wet n wild, 49.0, 49.0, 非自营, 0.0, 美国
wet n wild, 49.0, 49.0, 非自营, 5.0, 美国
wet n wild, 279.0, 279.0, 非自营, 3.0, 美国
MENTHOLATUM 曼秀雷敦, 55.0, 55.0, 非自营, 0.0, 日本
Manuka Bee 小蜜坊, 119.0, 119.0, 非自营, 0.0, 新西兰
Manuka Bee 小蜜坊, 146.0, 146.0, 非自营, 0.0, 新西兰